序号,代码,名称,最新价,涨跌额,涨跌幅,今开,最高,最低,昨收,成交量,成交额
1,09890,中旭未来,14.98,1.86,14.18,13.12,15.56,12.9,13.12,37552608,536359008.0
2,01093,石药集团,8.86,1.0,12.72,7.9,9.01,7.79,7.86,471708432,3970962528.0
3,03939,万国黄金集团,30.0,3.15,11.73,27.0,30.0,26.65,26.85,8028790,231483926.0
4,02419,德康农牧,75.0,7.45,11.03,69.0,76.0,61.9,67.55,3998918,280183376.0
5,02157,乐普生物-B,5.1,0.5,10.87,4.59,5.24,4.47,4.6,42341000,210805050.0
6,01548,金斯瑞生物科技,14.62,1.18,8.78,13.56,14.64,13.28,13.44,46792899,655901888.0
7,01024,快手-W,59.1,4.6,8.44,54.75,59.65,54.5,54.5,155364645,9025149440.0
8,09885,药师帮,10.88,0.84,8.37,10.04,11.28,9.89,10.04,20325600,217611677.0
9,02507,西锐,38.1,2.7,7.63,36.0,39.8,36.0,35.4,6042700,229264915.0
10,03868,信义能源,1.06,0.07,7.07,1.0,1.14,0.98,0.99,53349953,57413770.0
11,06655,华新水泥,8.94,0.51,6.05,8.46,9.13,8.38,8.43,2699185,23847168.0
12,09699,顺丰同城,14.98,0.78,5.49,14.2,15.06,14.2,14.2,5979430,88061879.0
13,01208,五矿资源,3.29,0.17,5.45,3.13,3.34,3.13,3.12,106574896,349215136.0
14,02981,富智康集团(旧),9.6,0.46,5.03,9.17,9.6,9.16,9.14,308400,2899836.0
15,01888,建滔积层板,9.8,0.45,4.81,9.37,9.8,9.33,9.35,10728000,103109406.0
16,01341,昊天国际建投,0.44,0.02,4.76,0.425,0.445,0.415,0.42,33888000,14535000.0
17,02186,绿叶制药,2.94,0.13,4.63,2.81,3.0,2.71,2.81,162681000,470901088.0
18,01860,汇量科技,6.27,0.27,4.5,6.08,6.52,5.96,6.0,65819892,413900400.0
19,03311,中国建筑国际,11.84,0.5,4.41,11.34,11.96,11.34,11.34,6398469,75444016.0
20,01858,春立医疗,11.18,0.44,4.1,10.96,11.46,10.54,10.74,956250,10499520.0
21,02162,康诺亚-B,47.8,1.85,4.03,45.95,48.0,45.15,45.95,3181957,149813539.0
22,00014,希慎兴业,14.04,0.54,4.0,13.62,14.04,13.46,13.5,8706480,120978047.0
23,02038,富智康集团(新),9.5,0.36,3.94,9.28,9.55,9.1,9.14,1905625,17861296.0
24,02005,石四药集团,2.92,0.11,3.91,2.8,2.98,2.8,2.81,30184000,87876600.0
25,01530,三生制药,20.2,0.76,3.91,19.5,20.85,19.26,19.44,60111006,1207624096.0
26,09688,再鼎医药,29.65,1.1,3.85,28.55,29.7,27.7,28.55,12083487,350115744.0
27,02338,潍柴动力,15.8,0.58,3.81,15.38,15.8,15.26,15.22,14164628,221159522.0
28,00586,海螺创业,9.22,0.33,3.71,8.9,9.37,8.9,8.89,13809641,127191559.0
29,03990,美的置业,4.2,0.15,3.7,4.0,4.23,4.0,4.05,2629400,10953067.0
30,01072,东方电气,12.54,0.44,3.64,12.18,12.6,12.1,12.1,2836800,35211519.0
31,02099,中国黄金国际,69.15,2.4,3.6,66.75,71.8,66.15,66.75,5024543,350046256.0
32,01579,颐海国际,14.06,0.48,3.53,13.58,14.7,13.58,13.58,7272378,103334705.0
33,02158,医渡科技,6.51,0.22,3.5,6.37,6.63,6.21,6.29,25226130,162268164.0
34,00683,嘉里建设,18.98,0.64,3.49,18.4,18.98,18.1,18.34,5139390,96331396.0
35,03993,洛阳钼业,6.83,0.23,3.48,6.7,6.93,6.68,6.6,56737281,387937472.0
36,01258,中国有色矿业,6.35,0.21,3.42,6.18,6.39,6.13,6.14,16296176,102932283.0
37,00358,江西铜业股份,14.62,0.48,3.39,14.26,14.64,14.24,14.14,20283123,295414704.0
38,02410,同源康医药-B,23.7,0.75,3.27,23.2,23.7,22.55,22.95,599500,13866375.0
39,01083,港华智慧能源,3.59,0.11,3.16,3.45,3.6,3.45,3.48,8755332,30989668.0
40,00412,山高控股,14.52,0.44,3.13,14.08,14.78,14.08,14.08,12102036,173883685.0
41,03933,联邦制药,15.34,0.46,3.09,14.84,15.58,14.84,14.88,9195700,140278620.0
42,00272,瑞安房地产,0.67,0.02,3.08,0.65,0.67,0.65,0.65,6761950,4481926.0
43,01798,大唐新能源,2.35,0.07,3.07,2.26,2.36,2.26,2.28,7949000,18510549.0
44,06088,FIT HON TENG,2.4,0.07,3.0,2.3,2.53,2.26,2.33,118942000,285237888.0
45,09969,诺诚健华,11.78,0.34,2.97,11.44,11.86,11.12,11.44,12493062,144133128.0
46,01065,天津创业环保股份,3.6,0.1,2.86,3.5,3.65,3.5,3.5,2904000,10437320.0
47,03692,翰森制药,27.2,0.75,2.84,26.5,27.4,26.4,26.45,8176370,220784024.0
48,01378,中国宏桥,14.58,0.4,2.82,14.26,14.66,14.22,14.18,27985575,406009440.0
49,01951,锦欣生殖,2.95,0.08,2.79,2.89,2.99,2.86,2.87,65475968,191841518.0
50,00004,九龙仓集团,22.55,0.6,2.73,21.7,22.55,21.7,21.95,1176658,26335377.0
51,02386,中石化炼化工程,5.81,0.15,2.65,5.63,5.88,5.63,5.66,4393586,25442775.0
52,02343,太平洋航运,1.95,0.05,2.63,1.91,1.99,1.91,1.9,28480500,56075885.0
53,02402,亿华通,23.75,0.6,2.59,23.7,25.6,23.6,23.15,1568248,38554297.0
54,00975,MONGOL MINING,6.35,0.16,2.58,6.22,6.4,6.22,6.19,2139632,13484253.0
55,00148,建滔集团,24.0,0.6,2.56,23.2,24.0,23.15,23.4,2277523,54118940.0
56,00303,VTECH HOLDINGS,55.15,1.35,2.51,54.0,55.15,53.7,53.8,2262561,123877634.0
57,00551,裕元集团,10.78,0.26,2.47,10.54,10.78,10.44,10.52,13153938,140525009.0
58,01071,华电国际电力股份,4.56,0.11,2.47,4.47,4.57,4.44,4.45,12462000,56208270.0
59,00314,思派健康,4.05,0.09,2.27,4.04,4.12,3.86,3.96,14438200,57724966.0
60,02899,紫金矿业,18.34,0.4,2.23,18.12,18.54,18.02,17.94,58297883,1070515232.0
61,00189,东岳集团,9.27,0.2,2.21,9.1,9.59,9.1,9.07,16693641,155459327.0
62,02208,金风科技,6.57,0.14,2.18,6.43,6.62,6.38,6.43,9282367,60459533.0
63,02431,佑驾创新,26.6,0.55,2.11,27.85,29.45,26.5,26.05,3317621,93784828.0
64,00867,康哲药业,10.68,0.22,2.1,10.32,10.84,10.32,10.46,16912636,179263862.0
65,03320,华润医药,5.35,0.11,2.1,5.24,5.39,5.23,5.24,12515700,66484908.0
66,01908,建发国际集团,15.04,0.3,2.04,15.18,15.18,14.54,14.74,6598700,98430482.0
67,00322,康师傅控股,13.12,0.26,2.02,12.88,13.14,12.88,12.86,9852781,128722542.0
68,06990,科伦博泰生物-B,338.4,6.6,1.99,331.8,344.0,328.0,331.8,1180800,396756208.0
69,01855,中庆股份,8.76,0.17,1.98,8.39,8.76,8.3,8.59,904000,7702708.0
70,01972,太古地产,18.56,0.36,1.98,18.2,18.58,18.16,18.2,3338357,61412241.0
71,02378,保诚,93.0,1.8,1.97,91.7,93.0,91.5,91.2,301149,27749848.0
72,06693,赤峰黄金,28.9,0.55,1.94,28.35,29.35,28.15,28.35,12568004,363295760.0
73,00916,龙源电力,6.84,0.13,1.94,6.75,6.9,6.71,6.71,29211690,200079870.0
74,02465,龙蟠科技,6.38,0.12,1.92,6.3,6.88,6.21,6.26,32594500,213448735.0
75,00836,华润电力,21.3,0.4,1.91,20.7,21.45,20.7,20.9,22119035,469495104.0
76,01789,爱康医疗,6.0,0.11,1.87,5.89,6.04,5.86,5.89,3216000,19075520.0
77,01477,欧康维视生物-B,7.66,0.14,1.86,7.62,7.7,7.4,7.52,3340000,25204010.0
78,03369,秦港股份,2.21,0.04,1.84,2.17,2.23,2.17,2.17,731000,1612820.0
79,02192,医脉通,14.42,0.26,1.84,13.8,14.56,13.7,14.16,3630500,51480862.0
80,02314,理文造纸,2.23,0.04,1.83,2.19,2.23,2.19,2.19,7850172,17391302.0
81,09979,绿城管理控股,2.83,0.05,1.8,2.78,2.84,2.78,2.78,4674500,13200925.0
82,00995,安徽皖通高速公路,12.52,0.22,1.79,12.4,12.52,12.3,12.3,938296,11649842.0
83,02096,先声药业,12.48,0.22,1.79,12.26,12.62,11.84,12.26,17690829,216007642.0
84,01883,中信国际电讯,2.34,0.04,1.74,2.31,2.35,2.3,2.3,7263952,16969557.0
85,01818,招金矿业,20.6,0.35,1.73,20.25,21.1,19.94,20.25,13049002,269698944.0
86,02268,药明合联,41.7,0.7,1.71,41.4,42.1,40.2,41.0,4277066,176642969.0
87,01117,现代牧业,1.19,0.02,1.71,1.17,1.2,1.16,1.17,23236000,27406670.0
88,02600,中国铝业,4.78,0.08,1.7,4.71,4.78,4.7,4.7,26841053,127515586.0
89,06049,保利物业,30.75,0.5,1.65,30.35,30.9,30.15,30.25,907800,27718190.0
90,01088,中国神华,33.8,0.55,1.65,33.25,34.1,33.15,33.25,26149644,883676832.0
91,03877,中国船舶租赁,1.85,0.03,1.65,1.83,1.85,1.81,1.82,3400000,6225140.0
92,00012,恒基地产,24.7,0.4,1.65,24.55,24.9,24.45,24.3,9441142,233315726.0
93,02388,中银香港,34.2,0.55,1.63,33.7,34.6,33.6,33.65,21330575,729598592.0
94,00300,美的集团,76.2,1.2,1.6,75.1,76.2,74.85,75.0,12072115,916155216.0
95,01361,361度,4.49,0.07,1.58,4.41,4.5,4.4,4.42,5544000,24710387.0
96,02588,中银航空租赁,64.25,1.0,1.58,62.95,64.25,62.95,63.25,1187407,75700549.0
97,00991,大唐发电,1.95,0.03,1.56,1.91,1.96,1.91,1.92,13262000,25845873.0
98,09633,农夫山泉,39.55,0.6,1.54,39.15,40.05,39.1,38.95,6843069,271222560.0
99,00220,统一企业中国,10.56,0.16,1.54,10.46,10.78,10.46,10.4,14328750,151919115.0
100,06690,海尔智家,23.25,0.35,1.53,22.9,23.25,22.75,22.9,44768751,1035538096.0
101,03606,福耀玻璃,57.05,0.85,1.51,56.5,57.5,56.05,56.2,2298394,131152823.0
102,00363,上海实业控股,12.3,0.18,1.49,12.1,12.3,12.1,12.12,951201,11605192.0
103,01030,新城发展,2.06,0.03,1.48,2.03,2.06,2.01,2.03,15798571,32181922.0
104,02009,金隅集团,0.69,0.01,1.47,0.69,0.7,0.68,0.68,7698000,5300000.0
105,02880,辽港股份,0.7,0.01,1.45,0.7,0.7,0.69,0.69,518000,360720.0
106,00696,中国民航信息网络,11.48,0.16,1.41,11.22,11.48,11.22,11.32,3175050,36205292.0
107,06666,恒大物业,0.73,0.01,1.39,0.72,0.73,0.72,0.72,4820500,3495790.0
108,00152,深圳国际,7.31,0.1,1.39,7.27,7.31,7.16,7.21,13887743,101102657.0
109,01876,百威亚太,8.74,0.12,1.39,8.7,8.76,8.57,8.62,32775849,284887808.0
110,01157,中联重科,5.84,0.08,1.39,5.74,5.88,5.74,5.76,6937683,40477460.0
111,00941,中国移动,87.9,1.19,1.37,87.0,88.8,87.0,86.71,29252751,2572398752.0
112,00267,中信股份,10.4,0.14,1.36,10.26,10.5,10.26,10.26,39015741,405483664.0
113,02460,华润饮料,13.48,0.18,1.35,13.28,13.7,13.2,13.3,4134800,55941831.0
114,00548,深圳高速公路股份,6.77,0.09,1.35,6.7,6.77,6.69,6.68,1800221,12138767.0
115,01772,赣锋锂业,20.25,0.27,1.35,20.1,20.5,19.88,19.98,4571984,92501868.0
116,02669,中海物业,5.28,0.07,1.34,5.21,5.29,5.21,5.21,3516345,18408548.0
117,00257,光大环境,3.81,0.05,1.33,3.73,3.81,3.72,3.76,11324360,42824034.0
118,00017,新世界发展,4.65,0.06,1.31,4.6,4.65,4.56,4.59,7791490,35930335.0
119,02285,泉峰控股,14.18,0.18,1.29,14.26,14.4,14.02,14.0,985600,13926815.0
120,00568,山东墨龙,2.36,0.03,1.29,2.34,2.57,2.29,2.33,82379200,203118204.0
121,03900,绿城中国,9.41,0.12,1.29,9.3,9.41,9.22,9.29,8445000,78490305.0
122,01811,中广核新能源,2.39,0.03,1.27,2.36,2.4,2.36,2.36,7482000,17799100.0
123,02380,中国电力,3.27,0.04,1.24,3.23,3.29,3.22,3.23,74826655,244266614.0
124,00753,中国国航,5.72,0.07,1.24,5.7,5.75,5.54,5.65,7798500,44113984.0
125,00728,中国电信,5.76,0.07,1.23,5.7,5.84,5.69,5.69,57014206,329680848.0
126,02869,绿城服务,4.16,0.05,1.22,4.16,4.16,4.07,4.11,2544000,10475156.0
127,00081,中国海外宏洋集团,1.69,0.02,1.2,1.67,1.71,1.66,1.67,7637000,12817342.0
128,01801,信达生物,73.15,0.85,1.18,71.2,74.0,71.2,72.3,23944479,1737482752.0
129,01519,极兔速递-W,6.85,0.08,1.18,6.77,6.89,6.71,6.77,12822714,87352241.0
130,00636,KLN,7.76,0.09,1.17,7.69,7.77,7.67,7.67,474312,3661654.0
131,00956,新天绿色能源,4.31,0.05,1.17,4.23,4.34,4.23,4.26,7836068,33651499.0
132,01816,中广核电力,2.62,0.03,1.16,2.6,2.63,2.58,2.59,61650264,160758653.0
133,02550,宜搜科技,3.52,0.04,1.15,3.48,3.75,3.46,3.48,24811000,89931610.0
134,06078,海吉亚医疗,15.9,0.18,1.15,15.76,16.0,15.44,15.72,4618600,72343163.0
135,01186,中国铁建,5.33,0.06,1.14,5.29,5.33,5.27,5.27,4190446,22251518.0
136,00390,中国中铁,3.64,0.04,1.11,3.6,3.65,3.6,3.6,12269369,44596249.0
137,01052,越秀交通基建,3.67,0.04,1.1,3.64,3.67,3.63,3.63,824428,3011262.0
138,00288,万洲国际,7.35,0.08,1.1,7.37,7.39,7.31,7.27,31379234,230674485.0
139,03319,雅生活服务,2.79,0.03,1.09,2.77,2.79,2.75,2.76,1301000,3596147.0
140,01108,凯盛新能,3.77,0.04,1.07,3.75,3.82,3.74,3.73,1606000,6090240.0
141,02587,健康之路,51.95,0.55,1.07,51.4,54.25,50.75,51.4,950500,49494250.0
142,03866,青岛银行,3.84,0.04,1.05,3.8,3.94,3.8,3.8,2196500,8455300.0
143,06110,滔搏,2.88,0.03,1.05,2.88,2.89,2.82,2.85,18079000,51762292.0
144,02866,中远海发,1.0,0.01,1.01,0.99,1.01,0.99,0.99,18436650,18463944.0
145,02799,中信金融资产,1.01,0.01,1.0,1.0,1.04,0.98,1.0,156201000,159018293.0
146,00902,华能国际电力股份,5.09,0.05,0.99,5.07,5.12,5.03,5.04,21620860,110060588.0
147,06821,凯莱英,71.4,0.7,0.99,70.7,72.2,69.65,70.7,389100,27712350.0
148,02196,复星医药,16.54,0.16,0.98,16.38,16.62,16.04,16.38,8386679,137109042.0
149,03996,中国能源建设,1.04,0.01,0.97,1.03,1.04,1.02,1.03,13122500,13542320.0
150,00861,神州控股,3.2,0.03,0.95,3.2,3.31,3.18,3.17,9576356,31076746.0
151,06979,珍酒李渡,6.48,0.06,0.93,6.42,6.59,6.38,6.42,5616800,36421910.0
152,00754,合生创展集团,3.28,0.03,0.92,3.25,3.29,3.22,3.25,2536300,8254872.0
153,06699,时代天使,56.0,0.5,0.9,55.3,57.3,53.8,55.5,792600,43987440.0
154,03898,时代电气,33.8,0.3,0.9,33.35,33.85,33.3,33.5,1625100,54652505.0
155,03888,金山软件,33.5,0.3,0.9,33.5,33.75,32.9,33.2,23757260,792054896.0
156,02400,心动公司,40.35,0.35,0.88,40.45,41.4,39.3,40.0,4085198,164111452.0
157,01277,力量发展,1.14,0.01,0.88,1.13,1.14,1.12,1.13,3909067,4429425.0
158,00038,第一拖拉机股份,6.88,0.06,0.88,6.9,7.02,6.85,6.82,5598000,38927296.0
159,00552,中国通信服务,4.61,0.04,0.88,4.58,4.61,4.55,4.57,6762000,31010950.0
160,06185,康希诺生物,34.6,0.3,0.87,34.3,35.1,33.5,34.3,1202628,41296263.0
161,00010,恒隆集团,11.58,0.1,0.87,11.4,11.58,11.4,11.48,819525,9442977.0
162,00763,中兴通讯,23.8,0.2,0.85,23.8,24.2,23.4,23.6,15588300,371167328.0
163,01513,丽珠医药,29.5,0.25,0.85,29.25,29.75,28.9,29.25,1143430,33551266.0
164,06855,亚盛医药-B,55.4,0.45,0.82,55.05,55.45,53.5,54.95,3207226,175235963.0
165,00338,上海石油化工股份,1.24,0.01,0.81,1.24,1.24,1.23,1.23,2048000,2527976.0
166,01787,山东黄金,25.05,0.2,0.8,24.55,25.65,24.55,24.85,12317598,309250720.0
167,01766,中国中车,5.11,0.04,0.79,5.07,5.15,5.05,5.07,24297779,124218370.0
168,00297,中化化肥,1.29,0.01,0.78,1.28,1.3,1.28,1.28,12670000,16328336.0
169,00598,中国外运,3.87,0.03,0.78,3.81,3.89,3.8,3.84,7403000,28505760.0
170,06160,百济神州,156.1,1.2,0.77,156.4,156.5,151.4,154.9,4672756,721110896.0
171,00762,中国联通,9.29,0.07,0.76,9.27,9.51,9.27,9.22,42268384,397177920.0
172,09992,泡泡玛特,244.8,1.8,0.74,243.2,248.6,239.4,243.0,9719916,2360284048.0
173,09666,金科服务,6.78,0.05,0.74,6.76,6.88,6.74,6.73,491900,3340165.0
174,03633,中裕能源,4.2,0.03,0.72,4.15,4.29,4.15,4.17,502000,2117280.0
175,01918,融创中国,1.41,0.01,0.71,1.41,1.43,1.4,1.4,81448727,115165689.0
176,00811,新华文轩,11.3,0.08,0.71,11.38,11.34,11.22,11.22,624000,7051860.0
177,00670,中国东方航空股份,2.96,0.02,0.68,2.93,2.97,2.91,2.94,3408000,10039170.0
178,02172,微创脑科学,12.34,0.08,0.65,12.28,12.82,11.96,12.26,14912000,183825270.0
179,02169,沧港铁路,1.56,0.01,0.65,1.52,1.59,1.52,1.55,2148000,3335920.0
180,01618,中国中冶,1.55,0.01,0.65,1.54,1.55,1.53,1.54,4219000,6503990.0
181,00868,信义玻璃,7.83,0.05,0.64,7.73,7.85,7.72,7.78,6882724,53845996.0
182,00917,趣致集团,86.45,0.55,0.64,85.9,86.65,83.0,85.9,780200,65566150.0
183,00697,首程控股,1.61,0.01,0.63,1.6,1.62,1.57,1.6,20374000,32567960.0
184,00013,和黄医药,24.1,0.15,0.63,24.1,24.35,23.2,23.95,7840707,186405158.0
185,00083,信和置业,8.1,0.05,0.62,8.05,8.13,7.97,8.05,13906355,112556781.0
186,09626,哔哩哔哩-W,146.6,0.9,0.62,145.7,146.8,142.8,145.7,9213314,1340746640.0
187,03969,中国通号,3.28,0.02,0.61,3.27,3.31,3.23,3.26,6882000,22553210.0
188,01310,香港宽频,4.97,0.03,0.61,4.95,4.97,4.94,4.94,953092,4727851.0
189,03709,赢家时尚,8.4,0.05,0.6,8.3,8.4,8.21,8.35,1621000,13406100.0
190,02057,中通快递-W,134.2,0.8,0.6,133.9,134.2,132.6,133.4,7072600,947529072.0
191,00512,远大医药,8.62,0.05,0.58,8.63,8.71,8.33,8.57,28322500,241368189.0
192,00293,国泰航空,10.42,0.06,0.58,10.36,10.44,10.16,10.36,6968229,71454639.0
193,01288,农业银行,5.32,0.03,0.57,5.3,5.38,5.25,5.29,266830769,1416610656.0
194,01475,日清食品,7.0,0.04,0.57,6.94,7.0,6.93,6.96,239382,1669396.0
195,00998,中信银行,7.21,0.04,0.56,7.17,7.3,7.15,7.17,64599916,467589552.0
196,03668,兖煤澳大利亚,26.8,0.15,0.56,26.8,26.95,26.65,26.65,619900,16602250.0
197,00066,港铁公司,27.6,0.15,0.55,27.45,27.6,27.4,27.45,4762761,131200788.0
198,00001,长和,45.9,0.25,0.55,46.05,46.25,45.6,45.65,7030219,322902592.0
199,02068,中铝国际,1.91,0.01,0.53,1.9,1.92,1.9,1.9,3575000,6830288.0
200,09987,百胜中国,339.4,1.8,0.53,339.8,339.8,335.0,337.6,368450,124555411.0
201,00564,郑煤机,15.26,0.08,0.53,15.2,15.28,15.12,15.18,1044400,15899280.0
202,00826,天工国际,1.93,0.01,0.52,1.92,1.94,1.89,1.92,8938000,17128240.0
203,02020,安踏体育,96.85,0.5,0.52,96.35,98.8,95.4,96.35,7003971,675334960.0
204,01070,TCL电子,9.7,0.05,0.52,9.69,9.75,9.57,9.65,3835500,37060110.0
205,03908,中金公司,15.74,0.08,0.51,15.8,15.86,15.42,15.66,18695063,292613632.0
206,06618,京东健康,39.6,0.2,0.51,39.4,39.65,38.5,39.4,25328112,996346080.0
207,01635,大众公用,2.02,0.01,0.5,2.02,2.03,2.01,2.01,1630000,3295970.0
208,02602,万物云,20.45,0.1,0.49,20.55,20.55,20.2,20.35,787400,16020292.0
209,00819,天能动力,6.12,0.03,0.49,6.12,6.16,6.08,6.09,2982000,18234440.0
210,00669,创科实业,92.1,0.45,0.49,92.75,92.8,91.45,91.65,5260649,484026336.0
211,06198,青岛港,6.63,0.03,0.45,6.6,6.64,6.58,6.6,2360000,15596978.0
212,01177,中国生物制药,4.55,0.02,0.44,4.54,4.62,4.42,4.53,170431626,770728080.0
213,01952,云顶新耀,47.65,0.2,0.42,47.3,49.1,46.6,47.45,2944523,140443795.0
214,00016,新鸿基地产,85.05,0.35,0.41,84.8,85.5,84.8,84.7,6046475,514807504.0
215,00371,北控水务集团,2.6,0.01,0.39,2.61,2.63,2.58,2.59,24456873,63734729.0
216,00177,江苏宁沪高速公路,10.66,0.04,0.38,10.52,10.68,10.48,10.62,4434046,46985290.0
217,00639,首钢资源,2.68,0.01,0.37,2.69,2.69,2.63,2.67,5549466,14799505.0
218,09926,康方生物,82.25,0.3,0.37,81.95,83.2,79.3,81.95,8223023,666942320.0
219,02727,上海电气,2.77,0.01,0.36,2.77,2.81,2.75,2.76,21128000,58716359.0
220,03613,同仁堂国药,8.51,0.03,0.35,8.5,8.58,8.42,8.48,1113000,9437840.0
221,02016,浙商银行,2.89,0.01,0.35,2.88,2.91,2.87,2.88,4679000,13523229.0
222,09858,优然牧业,2.92,0.01,0.34,2.93,2.98,2.84,2.91,13464000,39453935.0
223,00992,联想集团,9.13,0.03,0.33,9.11,9.18,8.97,9.1,165516975,1506883696.0
224,02689,玖龙纸业,3.13,0.01,0.32,3.13,3.16,3.11,3.12,3919000,12275400.0
225,01821,ESR,12.84,0.04,0.31,12.82,12.84,12.8,12.8,9777848,125352695.0
226,00019,太古股份公司A,67.4,0.2,0.3,66.75,67.5,66.75,67.2,718747,48394638.0
227,01299,友邦保险,67.05,0.2,0.3,67.8,69.0,67.05,66.85,41052826,2782285472.0
228,00667,中国东方教育,6.58,0.02,0.3,6.5,6.72,6.48,6.56,3562000,23485314.0
229,00857,中国石油股份,6.84,0.02,0.29,6.8,6.9,6.79,6.82,153698110,1054361712.0
230,03323,中国建材,3.51,0.01,0.29,3.49,3.53,3.49,3.5,8521135,29917241.0
231,02562,狮腾控股,14.4,0.04,0.28,14.46,15.46,14.1,14.36,5973010,88395344.0
232,00144,招商局港口,14.48,0.04,0.28,14.52,14.74,14.38,14.44,5355805,77482651.0
233,01055,中国南方航空股份,3.83,0.01,0.26,3.82,3.87,3.78,3.82,3376000,12935720.0
234,01515,华润医疗,4.04,0.01,0.25,4.03,4.06,3.97,4.03,4748000,19053960.0
235,02506,讯飞医疗科技,121.0,0.3,0.25,120.2,121.6,119.1,120.7,31600,3808350.0
236,02357,中航科工,4.01,0.01,0.25,4.06,4.15,3.98,4.0,46362901,188307193.0
237,01988,民生银行,4.14,0.01,0.24,4.13,4.2,4.11,4.13,41503401,172162333.0
238,01969,中国春来,4.18,0.01,0.24,4.19,4.21,4.15,4.17,407000,1702695.0
239,03998,波司登,4.39,0.01,0.23,4.36,4.4,4.33,4.38,10926431,47702421.0
240,01193,华润燃气,21.5,0.05,0.23,21.55,21.6,21.15,21.45,6220369,133222048.0
241,00005,汇丰控股,93.25,0.2,0.21,92.9,93.25,92.6,93.05,12806961,1191468144.0
242,01199,中远海运港口,4.67,0.01,0.21,4.66,4.7,4.63,4.66,6450631,30075205.0
243,09696,天齐锂业,26.4,0.05,0.19,26.5,27.15,26.15,26.35,2436600,65004140.0
244,00719,山东新华制药股份,6.11,0.01,0.16,6.11,6.14,6.05,6.1,1546000,9403060.0
245,00856,伟仕佳杰,6.32,0.01,0.16,6.38,6.38,6.2,6.31,5735000,36025455.0
246,03360,远东宏信,6.3,0.01,0.16,6.29,6.34,6.25,6.29,4164300,26188554.0
247,00003,香港中华煤气,6.81,0.01,0.15,6.86,6.88,6.75,6.8,57405922,390214192.0
248,00345,VITASOY INT'L,9.3,0.01,0.11,9.29,9.35,9.16,9.29,1124242,10405657.0
249,02359,药明康德,70.75,0.05,0.07,70.7,71.75,69.75,70.7,4168330,294829904.0
250,00874,白云山,17.88,0.0,0.0,17.76,17.88,17.66,17.88,1086000,19273160.0
251,00525,广深铁路股份,1.82,0.0,0.0,1.81,1.83,1.81,1.82,2712000,4947440.0
252,02888,渣打集团,122.1,0.0,0.0,122.1,122.9,121.0,122.1,425669,51967212.0
253,01053,重庆钢铁股份,0.86,0.0,0.0,0.86,0.89,0.86,0.86,9290000,8116100.0
254,01448,福寿园,3.7,0.0,0.0,3.71,3.74,3.68,3.7,9108822,33731097.0
255,02877,神威药业,7.48,0.0,0.0,7.48,7.55,7.4,7.48,1059000,7914820.0
256,02777,富力地产,0.98,0.0,0.0,0.97,0.99,0.97,0.98,6547200,6404556.0
257,00604,深圳控股,0.75,0.0,0.0,0.75,0.76,0.74,0.75,3390255,2528733.0
258,01516,融创服务,1.68,0.0,0.0,1.67,1.7,1.67,1.68,2843787,4782471.0
259,00467,联合能源集团,0.415,0.0,0.0,0.42,0.45,0.41,0.415,115144000,48729750.0
260,00588,北京北辰实业股份,0.73,0.0,0.0,0.72,0.73,0.72,0.73,522000,376820.0
261,00535,金地商置,0.27,0.0,0.0,0.265,0.27,0.265,0.27,2456000,656790.0
262,06826,昊海生物科技,26.3,0.0,0.0,26.3,26.4,25.85,26.3,288640,7523771.0
263,01658,邮储银行,5.11,0.0,0.0,5.11,5.16,5.06,5.11,35447181,180732181.0
264,01359,中国信达,1.09,0.0,0.0,1.09,1.11,1.07,1.09,129788931,141619143.0
265,00700,腾讯控股,515.0,0.0,0.0,515.5,516.5,511.0,515.0,13137101,6748560384.0
266,01313,华润建材科技,1.64,0.0,0.0,1.64,1.66,1.63,1.64,4028014,6612701.0
267,03328,交通银行,7.07,0.0,0.0,7.1,7.12,7.03,7.07,16564167,117226248.0
268,00323,马鞍山钢铁股份,1.75,0.0,0.0,1.76,1.81,1.75,1.75,7580800,13486912.0
269,06196,郑州银行,1.01,0.0,0.0,1.01,1.02,1.0,1.01,10973000,11075710.0
270,00921,海信家电,25.65,0.0,0.0,25.95,25.95,25.45,25.65,844000,21680300.0
271,01209,华润万象生活,38.95,0.0,0.0,39.2,39.25,38.5,38.95,3489109,135810752.0
272,03380,龙光集团,0.87,0.0,0.0,0.87,0.89,0.85,0.87,12658355,11051582.0
273,00914,海螺水泥,19.76,0.0,0.0,19.88,19.94,19.62,19.76,10280073,203309299.0
274,02666,环球医疗,5.4,0.0,0.0,5.4,5.41,5.34,5.4,4237354,22769961.0
275,00291,华润啤酒,26.0,0.0,0.0,26.1,26.2,25.7,26.0,13445304,348726256.0
276,06098,碧桂园服务,6.23,0.0,0.0,6.23,6.26,6.18,6.23,8111290,50435741.0
277,01113,长实集团,32.95,0.0,0.0,33.05,33.4,32.95,32.95,7675494,253790300.0
278,00308,香港中旅,1.07,0.0,0.0,1.08,1.08,1.05,1.07,3944000,4200630.0
279,06963,阳光保险,3.2,0.0,0.0,3.21,3.27,3.18,3.2,6312000,20257121.0
280,01044,恒安国际,21.95,0.0,0.0,21.95,22.0,21.65,21.95,5781873,126751102.0
281,01330,绿色动力环保,4.38,0.0,0.0,4.39,4.39,4.35,4.38,609000,2663330.0
282,00020,商汤-W,1.4,0.0,0.0,1.4,1.41,1.36,1.4,599406576,832091888.0
283,00119,保利置业集团,1.42,0.0,0.0,1.42,1.43,1.41,1.42,3240001,4592748.0
284,01880,中国中免,50.45,0.0,0.0,50.55,51.8,50.25,50.45,1452300,74109885.0
285,00087,太古股份公司B,10.82,0.0,0.0,10.82,10.92,10.74,10.82,680773,7365269.0
286,01898,中煤能源,8.55,0.0,0.0,8.56,8.67,8.51,8.55,17030000,145616394.0
287,02202,万科企业,4.97,0.0,0.0,5.0,5.02,4.95,4.97,10932057,54334137.0
288,01910,新秀丽,13.84,0.0,0.0,13.88,13.96,13.64,13.84,3311872,45577043.0
289,01800,中国交通建设,5.2,0.0,0.0,5.23,5.24,5.19,5.2,13630893,71033205.0
290,01919,中远海控,13.16,0.0,0.0,13.24,13.28,13.0,13.16,23895952,313603232.0
291,02255,海昌海洋公园,0.73,0.0,0.0,0.74,0.74,0.71,0.73,46590000,33873420.0
292,02362,金川国际,0.0,0.0,0.0,0.0,0.0,0.0,0.64,0,0.0
293,02013,微盟集团,1.76,0.0,0.0,1.76,1.78,1.73,1.76,40253677,70439209.0
294,02015,理想汽车-W,116.8,0.0,0.0,115.9,116.8,113.6,116.8,29951918,3470749200.0
295,00011,恒生银行,113.3,0.0,0.0,113.3,114.3,112.9,113.3,1816696,205854398.0
296,02128,中国联塑,4.16,0.0,0.0,4.16,4.18,4.11,4.16,4519833,18765819.0
297,02533,黑芝麻智能,19.04,-0.02,-0.1,19.16,19.24,18.8,19.06,3477377,65976058.0
298,03808,中国重汽,19.64,-0.02,-0.1,19.6,19.8,19.54,19.66,884950,17381862.0
299,01099,国药控股,18.68,-0.02,-0.11,18.7,18.8,18.56,18.7,10869542,202843162.0
300,06181,老铺黄金,903.0,-1.0,-0.11,895.5,919.5,880.0,904.0,976423,880776016.0
301,00883,中国海洋石油,18.28,-0.02,-0.11,18.28,18.6,18.16,18.3,113958444,2099212528.0
302,03396,联想控股,8.18,-0.01,-0.12,8.17,8.28,8.1,8.19,1306700,10686907.0
303,02252,微创机器人-B,15.94,-0.02,-0.13,15.82,16.2,15.7,15.96,3700027,58948041.0
304,01896,猫眼娱乐,7.47,-0.01,-0.13,7.5,7.69,7.45,7.48,3600000,27161448.0
305,01357,美图公司,6.6,-0.01,-0.15,6.61,6.84,6.47,6.61,56368500,376774144.0
306,00966,中国太平,12.74,-0.02,-0.16,12.74,12.98,12.48,12.76,10204400,129614927.0
307,00777,网龙,9.98,-0.02,-0.2,10.06,10.06,9.87,10.0,1938600,19284700.0
308,09989,海普瑞,5.02,-0.01,-0.2,5.11,5.11,4.94,5.03,1558000,7794015.0
309,02232,晶苑国际,4.99,-0.01,-0.2,4.98,5.12,4.95,5.0,3188500,16012560.0
310,01877,君实生物,21.35,-0.05,-0.23,21.2,21.8,20.6,21.4,5329600,112468445.0
311,00553,南京熊猫电子股份,3.76,-0.01,-0.27,3.76,3.82,3.71,3.77,5404000,20324820.0
312,00939,建设银行,7.28,-0.02,-0.27,7.31,7.32,7.23,7.3,363536544,2645629392.0
313,00384,中国燃气,7.26,-0.02,-0.27,7.25,7.28,7.19,7.28,12112481,87676057.0
314,09860,艾迪康控股,6.79,-0.02,-0.29,6.77,6.86,6.62,6.81,788500,5299461.0
315,00546,阜丰集团,6.81,-0.02,-0.29,6.77,6.81,6.65,6.83,2990000,20138279.0
316,02883,中海油田服务,6.4,-0.02,-0.31,6.4,6.46,6.36,6.42,6052000,38778496.0
317,09690,途虎-W,19.58,-0.06,-0.31,19.68,19.68,19.16,19.64,1260700,24518072.0
318,00576,浙江沪杭甬,6.43,-0.02,-0.31,6.45,6.48,6.4,6.45,5176409,33289423.0
319,00268,金蝶国际,12.88,-0.04,-0.31,12.92,13.06,12.56,12.92,65955587,844932768.0
320,00855,中国水务,6.19,-0.02,-0.32,6.14,6.23,6.14,6.21,540800,3342672.0
321,01114,华晨中国,3.05,-0.01,-0.33,3.06,3.07,3.02,3.06,9692688,29466129.0
322,02611,国泰海通,11.56,-0.04,-0.34,11.64,11.64,11.5,11.6,7468647,86335206.0
323,01929,周大福,11.88,-0.04,-0.34,11.92,12.06,11.7,11.92,8781571,104110378.0
324,01398,工商银行,5.88,-0.02,-0.34,5.91,5.97,5.86,5.9,387183680,2287356704.0
325,00558,力劲科技,2.83,-0.01,-0.35,2.85,2.85,2.8,2.84,3877750,10916160.0
326,00694,北京首都机场股份,2.85,-0.01,-0.35,2.87,2.9,2.84,2.86,4432279,12729383.0
327,02628,中国人寿,16.68,-0.06,-0.36,16.8,16.94,16.54,16.74,46921160,784398736.0
328,00327,百富环球,5.36,-0.02,-0.37,5.4,5.51,5.17,5.38,19516370,104057654.0
329,02570,重塑能源,215.0,-0.8,-0.37,215.6,226.0,211.4,215.8,20300,4431516.0
330,00142,第一太平,5.45,-0.02,-0.37,5.49,5.49,5.37,5.47,2350067,12722854.0
331,02238,广汽集团,2.72,-0.01,-0.37,2.72,2.75,2.7,2.73,9303200,25297516.0
332,01109,华润置地,26.1,-0.1,-0.38,26.35,26.45,26.05,26.2,17369595,455069408.0
333,02601,中国太保,26.15,-0.1,-0.38,26.25,26.65,25.8,26.25,18312247,479839760.0
334,01458,周黑鸭,2.6,-0.01,-0.38,2.59,2.63,2.55,2.61,3467500,8968835.0
335,00002,中电控股,66.15,-0.25,-0.38,66.5,66.6,66.15,66.4,3445828,228292092.0
336,00853,微创医疗,7.72,-0.03,-0.39,7.81,7.82,7.58,7.75,14012341,108115629.0
337,00354,中国软件国际,5.06,-0.02,-0.39,5.11,5.11,5.01,5.08,15708247,79285617.0
338,01907,中国旭阳集团,2.5,-0.01,-0.4,2.53,2.53,2.48,2.51,9894000,24753693.0
339,00880,澳博控股,2.34,-0.01,-0.43,2.35,2.36,2.32,2.35,4851493,11335821.0
340,00895,东江环保,2.33,-0.01,-0.43,2.36,2.37,2.28,2.34,5138800,11934819.0
341,00027,银河娱乐,33.7,-0.15,-0.44,34.2,34.5,33.5,33.85,10891848,368126208.0
342,00041,鹰君,13.54,-0.06,-0.44,13.7,13.7,13.54,13.6,200162,2718195.0
343,00392,北京控股,33.25,-0.15,-0.45,33.4,33.6,33.15,33.4,652000,21710250.0
344,00270,粤海投资,6.54,-0.03,-0.46,6.52,6.6,6.48,6.57,10182080,66623536.0
345,00934,中石化冠德,4.32,-0.02,-0.46,4.4,4.4,4.32,4.34,1202000,5224240.0
346,00316,东方海外国际,127.7,-0.6,-0.47,129.4,130.2,126.2,128.3,3363304,428562368.0
347,00631,三一国际,6.18,-0.03,-0.48,6.21,6.5,6.07,6.21,13355515,83305945.0
348,01038,长江基建集团,52.05,-0.25,-0.48,52.35,52.45,52.05,52.3,1802637,94045322.0
349,02618,京东物流,12.16,-0.06,-0.49,12.24,12.3,12.0,12.22,6695364,81258074.0
350,06616,环球新材国际,4.07,-0.02,-0.49,4.09,4.12,4.04,4.09,3433000,13974630.0
351,03968,招商银行,50.25,-0.25,-0.5,50.75,51.0,50.2,50.5,16166859,814964832.0
352,01691,JS环球生活,1.98,-0.01,-0.5,1.99,2.03,1.97,1.99,10387500,20677465.0
353,01963,重庆银行,7.93,-0.04,-0.5,7.93,8.08,7.87,7.97,2798500,22195370.0
354,01958,北京汽车,1.97,-0.01,-0.51,1.98,1.98,1.96,1.98,8043000,15825912.0
355,00788,中国铁塔,11.42,-0.06,-0.52,11.48,11.48,11.34,11.48,11703834,133570027.0
356,02331,李宁,15.22,-0.08,-0.52,15.4,15.4,15.14,15.3,12069681,183889947.0
357,00173,嘉华国际,1.81,-0.01,-0.55,1.81,1.83,1.81,1.82,445290,807767.0
358,01686,新意网集团,7.25,-0.04,-0.55,7.23,7.43,7.16,7.29,5213206,37953743.0
359,01336,新华保险,35.75,-0.2,-0.56,35.95,36.5,35.3,35.95,13681920,489835248.0
360,09636,九方智投控股,41.9,-0.25,-0.59,41.45,42.7,41.4,42.15,1213900,51029404.0
361,06865,福莱特玻璃,8.23,-0.05,-0.6,8.26,8.31,8.22,8.28,2139000,17680415.0
362,00688,中国海外发展,13.14,-0.08,-0.61,13.3,13.38,13.06,13.22,21594335,283960256.0
363,02865,钧达股份,23.95,-0.15,-0.62,24.35,24.35,23.75,24.1,630900,15141420.0
364,00522,ASMPT,55.25,-0.35,-0.63,55.6,55.6,53.9,55.6,6403271,351968544.0
365,01302,先健科技,1.52,-0.01,-0.65,1.54,1.55,1.5,1.53,20676000,31389033.0
366,02318,中国平安,45.7,-0.3,-0.65,46.0,46.5,45.6,46.0,57499628,2639330960.0
367,02273,固生堂,37.7,-0.25,-0.66,37.95,38.8,36.95,37.95,2772900,104156020.0
368,01610,中粮家佳康,1.49,-0.01,-0.67,1.5,1.51,1.49,1.5,10110000,15165140.0
369,02688,新奥能源,64.45,-0.45,-0.69,64.95,65.8,64.1,64.9,3477756,224573578.0
370,00388,香港交易所,402.4,-2.8,-0.69,406.0,408.8,400.8,405.2,4331240,1751389696.0
371,00440,大新金融,28.3,-0.2,-0.7,28.6,28.6,28.2,28.5,416000,11788920.0
372,06127,昭衍新药,14.1,-0.1,-0.7,14.3,14.46,13.78,14.2,5381282,75914628.0
373,02039,中集集团,5.58,-0.04,-0.71,5.65,5.65,5.53,5.62,1803680,10076499.0
374,01528,红星美凯龙,1.39,-0.01,-0.71,1.41,1.41,1.39,1.4,1181800,1647188.0
375,00341,大家乐集团,6.96,-0.05,-0.71,7.01,7.01,6.9,7.01,786214,5464363.0
376,03931,中创新航,16.66,-0.12,-0.72,16.78,17.06,16.6,16.78,431800,7217934.0
377,02233,西部水泥,1.37,-0.01,-0.72,1.37,1.4,1.36,1.38,22387615,30807610.0
378,00135,昆仑能源,7.9,-0.06,-0.75,7.96,7.98,7.88,7.96,8294309,65746882.0
379,00008,电讯盈科,5.2,-0.04,-0.76,5.24,5.27,5.2,5.24,15640575,81620228.0
380,00581,中国东方集团,1.3,-0.01,-0.76,1.3,1.31,1.29,1.31,1556000,2019500.0
381,03958,东方证券,4.97,-0.04,-0.8,5.05,5.05,4.93,5.01,4396801,21860924.0
382,02423,贝壳-W,49.55,-0.4,-0.8,49.85,49.85,48.85,49.95,12297744,606954432.0
383,01456,国联民生,3.67,-0.03,-0.81,3.74,3.74,3.67,3.7,2497000,9247545.0
384,00968,信义光能,2.38,-0.02,-0.83,2.4,2.41,2.37,2.4,29179729,69686185.0
385,01882,海天国际,19.2,-0.16,-0.83,19.46,19.6,19.2,19.36,894286,17333305.0
386,02228,晶泰控股,4.75,-0.04,-0.84,4.75,4.87,4.62,4.79,75789875,358829696.0
387,01196,伟禄集团,7.09,-0.06,-0.84,7.12,7.13,7.07,7.15,984000,6990960.0
388,06886,华泰证券,13.92,-0.12,-0.85,14.06,14.06,13.8,14.04,5376600,74782081.0
389,03306,江南布衣,15.96,-0.14,-0.87,16.12,16.26,15.88,16.1,1298000,20779255.0
390,01066,威高股份,5.72,-0.05,-0.87,5.77,5.86,5.67,5.77,13021200,74495037.0
391,03988,中国银行,4.57,-0.04,-0.87,4.62,4.64,4.56,4.61,409286096,1874465616.0
392,00175,吉利汽车,17.94,-0.16,-0.88,18.1,18.2,17.8,18.1,46469420,835571936.0
393,00666,瑞浦兰钧,10.98,-0.1,-0.9,11.38,11.38,10.98,11.08,236000,2612195.0
394,00570,中国中药,2.18,-0.02,-0.91,2.2,2.21,2.17,2.2,24172000,52822790.0
395,06862,海底捞,15.18,-0.14,-0.91,15.46,15.66,15.14,15.32,15361951,235456023.0
396,02469,粉笔,2.17,-0.02,-0.91,2.21,2.21,2.17,2.19,5016000,10920026.0
397,00168,青岛啤酒股份,53.7,-0.5,-0.92,54.25,54.65,53.35,54.2,3136336,168712771.0
398,00817,中国金茂,1.07,-0.01,-0.93,1.09,1.1,1.06,1.08,20765395,22256675.0
399,00386,中国石油化工股份,4.25,-0.04,-0.93,4.29,4.3,4.25,4.29,225468508,963794864.0
400,01164,中广核矿业,2.13,-0.02,-0.93,2.13,2.17,2.02,2.15,130130000,273315072.0
401,01347,华虹半导体,31.7,-0.3,-0.94,32.1,32.55,31.3,32.0,27966633,891590448.0
402,01797,东方甄选,12.5,-0.12,-0.95,12.7,12.78,12.36,12.62,4473837,55828872.0
403,00710,京东方精电,6.25,-0.06,-0.95,6.32,6.34,6.24,6.31,1937000,12190525.0
404,01709,德林控股,3.05,-0.03,-0.97,3.08,3.1,3.05,3.08,3665000,11276060.0
405,09676,十月稻田,6.04,-0.06,-0.98,6.14,6.14,6.03,6.1,3463800,21027282.0
406,09956,安能物流,8.07,-0.08,-0.98,8.16,8.29,8.02,8.15,1707000,13859004.0
407,00751,创维集团,3.02,-0.03,-0.98,3.04,3.05,3.0,3.05,3820658,11548153.0
408,02269,药明生物,24.65,-0.25,-1.0,24.95,25.15,24.5,24.9,30482895,752854512.0
409,02607,上海医药,11.66,-0.12,-1.02,11.78,11.86,11.64,11.78,3943900,46281559.0
410,03918,金界控股,3.81,-0.04,-1.04,3.8,3.86,3.78,3.85,2031400,7779513.0
411,00590,六福集团,19.0,-0.2,-1.04,19.2,19.4,18.78,19.2,867144,16541576.0
412,02858,易鑫集团,1.89,-0.02,-1.05,1.91,1.92,1.88,1.91,9722500,18493775.0
413,00990,荣晖国际,0.465,-0.005,-1.06,0.475,0.475,0.46,0.47,8390000,3880900.0
414,00285,比亚迪电子,32.05,-0.35,-1.08,32.45,32.55,31.65,32.4,22111022,707346688.0
415,00909,明源云,2.72,-0.03,-1.09,2.76,2.77,2.71,2.75,4021000,10989669.0
416,00101,恒隆地产,6.34,-0.07,-1.09,6.41,6.48,6.34,6.41,10837271,69035402.0
417,01997,九龙仓置业,19.98,-0.22,-1.09,20.1,20.35,19.92,20.2,5512120,110435654.0
418,00256,冠城钟表珠宝,0.455,-0.005,-1.09,0.46,0.465,0.445,0.46,14474000,6578480.0
419,00839,中教控股,2.68,-0.03,-1.11,2.71,2.79,2.66,2.71,17833100,48116010.0
420,00881,中升控股,12.32,-0.14,-1.12,12.52,12.52,12.1,12.46,5597708,68764504.0
421,00151,中国旺旺,5.21,-0.06,-1.14,5.28,5.3,5.15,5.27,4599200,23986318.0
422,03899,中集安瑞科,6.02,-0.07,-1.15,6.07,6.11,6.01,6.09,1392000,8434670.0
423,09993,金辉控股,2.58,-0.03,-1.15,2.64,2.65,2.58,2.61,2762000,7169110.0
424,00187,京城机电股份,4.29,-0.05,-1.15,4.38,4.38,4.27,4.34,2064000,8902460.0
425,00780,同程旅行,21.25,-0.25,-1.16,21.45,21.55,20.75,21.5,33563492,708231600.0
426,06030,中信证券,20.85,-0.25,-1.18,21.35,21.35,20.75,21.1,7124755,149303814.0
427,02313,申洲国际,53.45,-0.65,-1.2,54.3,54.55,53.15,54.1,5360881,287080672.0
428,00425,敏实集团,20.05,-0.25,-1.23,20.1,20.2,19.6,20.3,3536000,70451752.0
429,06086,方舟健客,3.92,-0.05,-1.26,4.0,4.0,3.85,3.97,3505000,13672115.0
430,02429,友宝在线,2.31,-0.03,-1.28,2.35,2.38,2.31,2.34,4639500,10866770.0
431,01375,中州证券,1.53,-0.02,-1.29,1.55,1.56,1.52,1.55,6211000,9535340.0
432,02356,大新银行集团,8.33,-0.11,-1.3,8.45,8.47,8.32,8.44,1096400,9184828.0
433,06806,申万宏源,2.23,-0.03,-1.33,2.27,2.28,2.23,2.26,7338400,16486928.0
434,01776,广发证券,11.58,-0.16,-1.36,11.78,11.82,11.44,11.74,7524600,87229590.0
435,00123,越秀地产,4.3,-0.06,-1.38,4.37,4.37,4.28,4.36,8325727,35842830.0
436,02555,茶百道,9.9,-0.14,-1.39,10.04,10.12,9.56,10.04,11530800,113274258.0
437,02218,安德利果汁,16.96,-0.24,-1.4,17.48,17.86,16.8,17.2,2428500,41648300.0
438,00136,中国儒意,2.08,-0.03,-1.42,2.11,2.12,2.06,2.11,18646963,38798923.0
439,09988,阿里巴巴-W,116.6,-1.7,-1.44,118.3,118.3,115.7,118.3,75163798,8758946048.0
440,01999,敏华控股,4.1,-0.06,-1.44,4.16,4.22,4.07,4.16,7984412,32809387.0
441,09658,特海国际,16.02,-0.24,-1.48,16.32,16.5,16.0,16.26,591398,9594359.0
442,03339,中国龙工,1.99,-0.03,-1.49,2.0,2.0,1.97,2.02,3055000,6056554.0
443,06055,中烟香港,35.0,-0.55,-1.55,36.1,36.1,34.75,35.55,2278629,80115922.0
444,01033,中石化油服,0.63,-0.01,-1.56,0.64,0.64,0.63,0.64,3041000,1922892.0
445,06066,中信建投证券,9.36,-0.15,-1.58,9.47,9.54,9.36,9.51,3459000,32600900.0
446,01585,雅迪控股,12.36,-0.2,-1.59,12.66,12.78,12.24,12.56,8469775,105484568.0
447,06099,招商证券,12.34,-0.2,-1.59,12.64,12.66,12.24,12.54,6538800,81092840.0
448,01385,上海复旦,30.7,-0.5,-1.6,31.6,31.75,30.55,31.2,3719686,115405035.0
449,01836,九兴控股,14.18,-0.24,-1.66,14.42,14.42,14.0,14.42,1279000,18037751.0
450,00107,四川成渝高速公路,4.7,-0.08,-1.67,4.74,4.79,4.67,4.78,5806000,27322169.0
451,03618,重庆农村商业银行,6.44,-0.11,-1.68,6.55,6.64,6.37,6.55,44544656,286863280.0
452,02018,瑞声科技,37.8,-0.65,-1.69,38.5,39.2,37.8,38.45,4249285,163045671.0
453,09878,汇通达网络,17.38,-0.3,-1.7,17.96,17.96,17.08,17.68,1235600,21494856.0
454,02577,英诺赛科,34.6,-0.6,-1.7,35.45,35.5,34.5,35.2,927700,32334340.0
455,01788,国泰君安国际,1.15,-0.02,-1.71,1.18,1.19,1.15,1.17,15562000,18092060.0
456,01921,达力普控股,6.83,-0.12,-1.73,6.94,6.98,6.75,6.95,716000,4884900.0
457,02319,蒙牛乳业,17.86,-0.32,-1.76,18.3,18.3,17.84,18.18,18867857,338604480.0
458,02333,长城汽车,12.3,-0.22,-1.76,12.52,12.58,12.22,12.52,18212648,224601535.0
459,00656,复星国际,4.47,-0.08,-1.76,4.58,4.58,4.46,4.55,3099119,13925656.0
460,09868,小鹏汽车-W,77.9,-1.4,-1.77,78.8,78.8,75.85,79.3,37715830,2912712368.0
461,01928,金沙中国有限公司,15.46,-0.28,-1.78,16.0,16.0,15.42,15.74,13737909,214385472.0
462,03738,阜博集团,3.29,-0.06,-1.79,3.37,3.37,3.27,3.35,15905000,52685854.0
463,06936,顺丰控股,43.25,-0.8,-1.82,44.6,44.6,42.75,44.05,2530485,109368550.0
464,02603,吉宏股份,9.7,-0.18,-1.82,9.88,9.93,9.65,9.88,1229000,11979425.0
465,02382,舜宇光学科技,62.15,-1.15,-1.82,63.6,63.75,61.3,63.3,18389624,1140190224.0
466,02328,中国财险,15.1,-0.28,-1.82,15.42,15.46,15.08,15.38,24802624,377052176.0
467,02282,美高梅中国,10.74,-0.2,-1.83,10.98,10.98,10.68,10.94,4403199,47363639.0
468,06818,中国光大银行,3.71,-0.07,-1.85,3.78,3.79,3.71,3.78,22908867,85356591.0
469,06881,中国银河,7.94,-0.15,-1.85,8.09,8.12,7.91,8.09,29905560,238499735.0
470,00772,阅文集团,29.1,-0.55,-1.85,29.55,29.6,28.15,29.65,30476326,880560352.0
471,03690,美团-W,141.7,-2.7,-1.87,145.7,146.3,141.0,144.4,41913440,5975393536.0
472,02586,多点数智,9.85,-0.19,-1.89,9.76,10.06,9.69,10.04,1444150,14274589.0
473,00999,小菜园,8.16,-0.16,-1.92,8.28,8.36,8.1,8.32,1363200,11150384.0
474,06178,光大证券,7.59,-0.15,-1.94,7.85,7.85,7.55,7.74,5531600,42176080.0
475,01349,复旦张江,2.99,-0.06,-1.97,3.07,3.06,2.91,3.05,5505000,16337690.0
476,09922,九毛九,2.47,-0.05,-1.98,2.55,2.57,2.46,2.52,9241000,23129240.0
477,02155,森松国际,6.36,-0.13,-2.0,6.5,6.51,6.28,6.49,9373000,59406556.0
478,02522,一脉阳光,16.5,-0.34,-2.02,16.78,16.78,16.38,16.84,1862500,30749650.0
479,01128,永利澳门,5.18,-0.11,-2.08,5.29,5.33,5.18,5.29,7012336,36603652.0
480,06969,思摩尔国际,19.68,-0.42,-2.09,20.55,21.25,18.9,20.1,84221522,1687059616.0
481,02443,汽车街,3.73,-0.08,-2.1,3.83,3.86,3.69,3.81,5344800,20138332.0
482,06955,博安生物,11.1,-0.24,-2.12,11.48,11.68,10.96,11.34,13844000,155919049.0
483,01810,小米集团-W,53.1,-1.15,-2.12,54.5,54.5,52.8,54.25,125424396,6675829248.0
484,02145,上美股份,64.4,-1.4,-2.13,65.8,66.9,64.15,65.8,1314614,85469089.0
485,01171,兖矿能源,8.23,-0.18,-2.14,8.46,8.51,8.16,8.41,56535353,467381808.0
486,01211,比亚迪股份,403.0,-9.0,-2.18,412.0,412.4,400.8,412.0,29216174,11828493568.0
487,06680,金力永磁,18.44,-0.42,-2.23,18.86,18.86,17.76,18.86,10432258,190853673.0
488,01368,特步国际,5.68,-0.13,-2.24,5.75,5.78,5.61,5.81,11249102,63703924.0
489,00960,龙湖集团,9.47,-0.22,-2.27,9.7,9.71,9.45,9.69,21187060,201934315.0
490,03759,康龙化成,15.4,-0.36,-2.28,15.6,15.7,15.08,15.76,9488595,145547557.0
491,06069,盛业,11.7,-0.28,-2.34,11.98,12.16,11.66,11.98,7673500,91566917.0
492,06808,高鑫零售,2.47,-0.06,-2.37,2.47,2.56,2.45,2.53,15042300,37745954.0
493,06869,长飞光纤光缆,17.3,-0.42,-2.37,17.54,18.24,17.2,17.72,10293660,180852479.0
494,03800,协鑫科技,0.82,-0.02,-2.38,0.84,0.84,0.81,0.84,97026200,79767614.0
495,00317,中船防务,12.72,-0.32,-2.45,13.04,13.42,12.5,13.04,8444000,109246920.0
496,01138,中远海能,5.88,-0.15,-2.49,6.08,6.1,5.88,6.03,31527500,188501527.0
497,00347,鞍钢股份,1.56,-0.04,-2.5,1.6,1.62,1.56,1.6,3255443,5176473.0
498,02291,心泰医疗,20.55,-0.55,-2.61,20.95,21.25,20.2,21.1,599000,12344300.0
499,01316,耐世特,5.52,-0.15,-2.65,5.7,5.75,5.39,5.67,21736000,118693753.0
500,09863,零跑汽车,54.8,-1.5,-2.66,56.3,56.7,54.75,56.3,4990594,277012032.0
501,09896,名创优品,34.65,-0.95,-2.67,35.7,35.7,34.2,35.6,8316180,287644656.0
502,02498,速腾聚创,32.6,-0.9,-2.69,33.65,33.7,32.45,33.5,5297618,173501452.0
503,01405,达势股份,88.65,-2.45,-2.69,90.25,90.55,88.0,91.1,387200,34524549.0
504,06186,中国飞鹤,5.75,-0.16,-2.71,5.95,5.95,5.75,5.91,30761349,178107979.0
505,03896,金山云,6.39,-0.18,-2.74,6.63,6.66,6.31,6.57,115453500,747784736.0
506,09995,荣昌生物,46.0,-1.3,-2.75,46.5,48.4,45.7,47.3,8163940,381111664.0
507,00006,电能实业,50.8,-1.45,-2.78,52.2,52.2,50.8,52.25,5818703,296950384.0
508,01339,中国人民保险集团,5.21,-0.15,-2.8,5.34,5.39,5.18,5.36,48977654,256724952.0
509,01478,丘钛科技,6.58,-0.19,-2.81,6.7,6.77,6.58,6.77,2510000,16642523.0
510,00241,阿里健康,4.5,-0.13,-2.81,4.6,4.62,4.38,4.63,185066988,827921760.0
511,00460,四环医药,1.03,-0.03,-2.83,1.06,1.06,1.03,1.06,101093000,104971110.0
512,02453,美中嘉和,5.84,-0.17,-2.83,6.0,6.01,5.79,6.01,7033400,41341133.0
513,00336,华宝国际,3.08,-0.09,-2.84,3.13,3.2,3.02,3.17,12199000,37654230.0
514,06683,巨星传奇,5.79,-0.17,-2.85,6.14,6.37,5.55,5.96,22883000,134721605.0
515,09660,地平线机器人-W,7.13,-0.21,-2.86,7.36,7.42,7.12,7.34,110754690,798260704.0
516,02432,越疆,59.2,-1.75,-2.87,61.2,61.45,59.15,60.95,1174400,70581556.0
517,02582,国富氢能,111.3,-3.3,-2.88,114.6,116.1,111.3,114.6,72100,8205180.0
518,02367,巨子生物,59.0,-1.85,-3.04,60.05,61.75,58.55,60.85,16701726,993521968.0
519,03347,泰格医药,34.65,-1.1,-3.08,35.5,35.7,33.7,35.75,6129000,211792397.0
520,01833,平安好医生,6.84,-0.22,-3.12,7.08,7.11,6.83,7.06,8132419,56197706.0
521,09899,网易云音乐,218.8,-7.2,-3.19,228.0,228.0,215.8,226.0,921892,201405136.0
522,01112,H&H国际控股,12.26,-0.42,-3.31,12.74,12.86,12.08,12.68,9975000,122914460.0
523,01415,高伟电子,23.2,-0.8,-3.33,24.0,24.0,23.0,24.0,4238000,99309548.0
524,00179,德昌电机控股,21.5,-0.75,-3.37,21.55,22.65,21.0,22.25,8211338,177938174.0
525,01773,天立国际控股,4.27,-0.15,-3.39,4.46,4.75,4.19,4.42,23318535,104493040.0
526,02510,德翔海运,6.74,-0.25,-3.58,7.03,7.1,6.62,6.99,7064000,47621841.0
527,01735,中环新能源,8.53,-0.35,-3.94,8.87,8.93,8.48,8.88,4661000,40484740.0
528,01060,阿里影业,0.95,-0.04,-4.04,1.0,1.01,0.92,0.99,729118016,688706576.0
529,09880,优必选,81.95,-3.5,-4.1,85.7,85.7,81.6,85.45,5437935,452566480.0
530,06682,第四范式,41.9,-1.8,-4.12,43.9,43.9,41.9,43.7,3554347,151044425.0
531,03678,弘业期货,3.26,-0.14,-4.12,3.43,3.57,3.25,3.4,51985000,174275690.0
532,01274,知行科技,13.94,-0.6,-4.13,14.6,14.6,13.9,14.54,3865700,54428566.0
533,09997,康基医疗,7.35,-0.33,-4.3,7.68,7.68,7.23,7.68,8288567,60986384.0
534,09985,卫龙美味,14.96,-0.68,-4.35,15.84,15.84,14.94,15.64,6471400,97996168.0
535,01675,亚信科技,9.61,-0.47,-4.66,10.0,10.0,9.51,10.08,5183200,49920372.0
536,01558,东阳光长江药业,13.06,-0.64,-4.67,13.7,13.72,12.9,13.7,11911400,157093786.0
537,00489,东风集团股份,3.44,-0.17,-4.71,3.6,3.6,3.43,3.61,98554245,343063856.0
538,00981,中芯国际,40.2,-2.05,-4.85,42.5,42.7,40.2,42.25,79455900,3293034768.0
539,00200,新濠国际发展,3.22,-0.17,-5.01,3.39,3.42,3.21,3.39,10937000,35969759.0
540,01318,毛戈平,112.3,-6.7,-5.63,120.0,120.0,110.0,119.0,4561301,516031152.0
541,02556,迈富时,40.05,-2.4,-5.65,42.8,42.8,40.05,42.45,1744971,71500582.0
542,01308,海丰国际,23.9,-1.45,-5.72,25.25,25.25,23.5,25.35,10175292,243396398.0
543,02517,锅圈,2.97,-0.23,-7.19,3.21,3.22,2.96,3.2,42531400,129873401.0
544,01057,浙江世宝,4.9,-0.43,-8.07,5.3,5.33,4.82,5.33,22244000,110487186.0
545,06060,众安在线,17.5,-1.7,-8.85,18.9,18.9,17.4,19.2,97366327,1747727216.0
546,09923,移卡,12.66,-1.32,-9.44,13.74,15.26,12.5,13.98,130612179,1823174032.0
547,00165,中国光大控股,5.15,-1.07,-17.2,6.03,6.1,5.15,6.22,130131300,720770944.0
